Date,Predicted,Volume,Residual,XGB_Predicted,GBM_Predicted,RF_Predicted
2015-04-15 00:00:00,6003.154572701449,5818.848727319344,-184.30584538210496,5819.1904,6255.408930221683,5934.864358195166
2015-04-15 01:00:00,6167.073041250534,5237.7084910407175,-929.3645502098161,5957.018,6410.846298500843,6133.354758844511
2015-04-15 02:00:00,6218.881026169867,5462.864915467389,-756.0161107024778,6349.616,6253.4503833085855,6053.576484263518
2015-04-15 03:00:00,6210.201126508418,4734.139254663342,-1476.061871845076,6519.6895,6127.5972895818795,5983.3166368183765
2015-04-15 04:00:00,6148.6229179583315,5627.7306673589455,-520.892250599386,6238.8696,6179.379118061329,6027.620006907417
2015-04-15 05:00:00,5911.818574666914,6531.16775463059,619.3491799636759,6064.649,6028.076660237846,5642.7301379816445
2015-04-15 06:00:00,9408.550400032142,10050.851914745372,642.3015147132301,9145.442,9634.31993349277,9445.888883791155
2015-04-15 07:00:00,11040.762779102102,10656.72011728004,-384.04266182206266,11772.245,10393.612197183891,10956.431022934916
2015-04-15 08:00:00,11390.039179890116,10934.274948135739,-455.76423175437776,12047.835,11084.287975807261,11037.994602925586
2015-04-15 09:00:00,10496.876241670932,10009.390039116577,-487.48620255435526,10568.449,10176.13477222365,10746.044734039147
2015-04-15 10:00:00,11041.502891348864,9863.494227438849,-1178.0086639100155,11519.742,10721.606055966467,10883.160430580121
2015-04-15 11:00:00,10716.98859966136,10026.521287787036,-690.4673118743231,10855.919,10516.996252619656,10778.050601051922
2015-04-15 12:00:00,11482.759393214235,11373.186455578281,-109.57293763595408,11677.185,10957.080172919794,11814.013436410416
2015-04-15 13:00:00,10486.3743984804,12724.502242727634,2238.127844247234,10712.553,10147.086176542442,10599.484284523756
2015-04-15 14:00:00,10650.008277250927,11718.551300937397,1068.5430236864704,11174.789,10284.772545368665,10490.463223884113
2015-04-15 15:00:00,10674.663414450426,10265.424105891243,-409.239308559183,11281.642,10277.117357879453,10465.231283909323
2015-04-15 16:00:00,11296.996839293826,12183.131651443779,886.1348121499523,11928.866,10588.341031901855,11373.783275042126
2015-04-15 17:00:00,13388.787591482986,11417.622456774947,-1971.1651347080387,14395.675,12951.815008594,12818.872961167457
2015-04-15 18:00:00,13050.078512709437,12691.293039894408,-358.7854728150287,13351.869,12701.187152065806,13097.179245437505
2015-04-15 19:00:00,13223.3017099091,11275.273758673235,-1948.0279512358647,14195.483,12571.865147247217,12902.556584042577
2015-04-15 20:00:00,13447.355005000509,11404.078948017615,-2043.2760569828934,14064.658,12984.616849266102,13292.78996261043
2015-04-15 21:00:00,12370.825655371524,9438.454910362634,-2932.3707450088896,12635.872,11817.19484762071,12659.410048181358
2015-04-15 22:00:00,9701.185721572767,8854.794741530151,-846.3909800426154,9696.575,9500.70071942706,9906.281249978736
2015-04-15 23:00:00,7139.972047664858,5964.972425970196,-1174.999621694662,7288.8657,7267.282682619863,6863.767737718462
2015-04-16 00:00:00,6060.195136663094,4614.558887801126,-1445.636248861968,5849.96,6244.7297934972,6085.895655554579
2015-04-16 01:00:00,6197.217835708703,4784.444247949574,-1412.7735877591294,6434.1387,6322.145713399584,5835.369121851525
2015-04-16 02:00:00,6651.948403502466,6095.51928244985,-556.4291210526162,6302.139,6865.005444110233,6788.700606240916
2015-04-16 03:00:00,5648.9916728908165,6207.667149515608,558.6754766247914,5741.026,5863.776641482559,5342.172498283638
2015-04-16 04:00:00,5660.376384277205,4876.648082174219,-783.7283021029862,5861.1616,5839.618050073819,5280.349481664045
2015-04-16 05:00:00,5968.191251807521,5178.344248707712,-789.8470030998096,6003.1167,6049.846707963175,5851.61034824064
2015-04-16 06:00:00,10007.282941860467,10232.16208620521,224.8791443447426,10328.667,9848.306978659411,9844.87485473449
2015-04-16 07:00:00,9819.000371434988,10545.241270773293,726.2408993383051,10002.775,9728.701986714175,9725.52373696579
2015-04-16 08:00:00,11220.488449434952,9231.261117549417,-1989.227331885535,11470.249,10568.080431673836,11623.135893193517
2015-04-16 09:00:00,11478.99700440774,8125.071833575332,-3353.925170832408,10793.395,11789.93481834626,11853.661663626955
2015-04-16 10:00:00,10823.613188721809,7663.786682656957,-3159.826506064852,10444.986,10561.8215198633,11464.03171817713
2015-04-16 11:00:00,11792.732818767794,9096.29561256781,-2696.437206199984,12137.191,10947.137324998805,12293.86972505458
2015-04-16 12:00:00,11013.160226849812,8978.108573696343,-2035.0516531534686,10824.126,10915.79123743836,11299.56346654858
2015-04-16 13:00:00,10508.26820991458,8805.879475004369,-1702.3887349102115,10597.967,10077.91899886792,10848.918834000819
2015-04-16 14:00:00,9874.969632496786,7301.400280177674,-2573.569352319112,10148.048,9754.759517074974,9722.101528852883
2015-04-16 15:00:00,10342.16255922237,7813.801187035944,-2528.361372186426,10873.152,10090.927178965372,10062.408154951734
2015-04-16 16:00:00,9916.128425636693,10049.093346182657,132.96492054596456,9908.948,9872.550153753038,9966.88688096954
2015-04-16 17:00:00,12508.168524488501,8589.373841775932,-3918.794682712569,13594.722,11501.108908157423,12428.674985620579
2015-04-16 18:00:00,12575.785775495257,10802.579481670089,-1773.2062938251674,13692.292,11494.498236988811,12540.56709730946
2015-04-16 19:00:00,13137.361539094272,13433.591604885176,296.2300657909036,13523.348,12528.053206557463,13360.683754475354
2015-04-16 20:00:00,13516.75066078119,11849.150685904346,-1667.5999748768445,14179.9795,12716.680432573768,13653.592057582307
2015-04-16 21:00:00,11478.683692450226,8719.339841382629,-2759.343851067597,11554.934,11075.604552355675,11805.512931244999
2015-04-16 22:00:00,8935.78508937825,8275.465216370898,-660.3198730073527,8768.074,8982.226634300876,9057.054415083876
2015-04-16 23:00:00,7002.598410759648,6055.560508115035,-947.0379026446126,6743.352,7225.493864913773,7038.94931658392
2015-04-17 00:00:00,6161.076809317275,5104.371322171876,-1056.7054871453984,6064.171,6334.026296349733,6085.0332331645905
2015-04-17 01:00:00,6067.557915990687,4619.346451748835,-1448.2114642418528,6065.3794,6195.25473902716,5942.039614413648
2015-04-17 02:00:00,6116.568765311397,5606.558593860414,-510.01017145098376,6019.9478,6253.135629403228,6076.622912624714
2015-04-17 03:00:00,5609.061976228794,4654.033463370198,-955.0285128585965,5783.5986,5719.093623878014,5324.493671995868
2015-04-17 04:00:00,5628.806465238442,5170.252256112889,-458.5542091255529,5556.681,5810.306102534782,5519.432140836795
2015-04-17 05:00:00,6116.574444159713,4548.6343679112515,-1567.940076248461,6392.135,6115.469637500989,5842.118929353151
2015-04-17 06:00:00,9256.091408659246,10194.776922376022,938.6855137167768,9049.585,9220.591883031733,9498.097382008504
2015-04-17 07:00:00,9457.774450454852,10585.828294883097,1128.0538444282447,9327.619,9422.681618843886,9623.022591895671
2015-04-17 08:00:00,11298.180361949946,10700.889160584336,-597.2912013656096,11390.5625,10963.529620247744,11540.448965602096
2015-04-17 09:00:00,12390.83072556903,8486.996538532392,-3903.8341870366385,12714.055,11762.88834824638,12695.549140960717
2015-04-17 10:00:00,11806.41140491784,8550.455152557064,-3255.9562523607765,12180.439,11143.798593618978,12094.996168009548
2015-04-17 11:00:00,11717.967866267916,11453.25698574081,-264.7108805271055,12568.44,10793.037662397684,11792.425506718566
2015-04-17 12:00:00,11797.603780964972,11858.884324482791,61.28054351781975,12642.105,11141.025572796401,11609.680301348511
2015-04-17 13:00:00,11856.007096287552,10547.421447755605,-1308.5856485319473,12875.166,11024.60820246901,11668.247070768643
2015-04-17 14:00:00,9951.991778044043,8898.236117010849,-1053.755661033194,9661.955,10009.486419146899,10184.533836860228
2015-04-17 15:00:00,10965.18857267675,9766.455404485276,-1198.7331681914748,11259.205,10405.786352533727,11230.574287371524
2015-04-17 16:00:00,9728.846454104503,12908.124557777135,3179.278103672632,9959.082,9786.420062201472,9441.03726886204
2015-04-17 17:00:00,11258.872642867978,13372.826793818804,2113.9541509508254,11518.299,10684.629365862022,11573.689734616913
2015-04-17 18:00:00,12784.66148672477,11276.373938030523,-1508.2875486942467,13616.353,11859.07776490205,12878.554156209759
2015-04-17 19:00:00,12844.167907829416,17676.877588589177,4832.709680759761,13326.474,12490.933185256219,12715.096905419534
2015-04-17 20:00:00,12696.527253484257,16258.247654165896,3561.720400681639,12435.18,12621.073567496123,13033.328505456648
2015-04-17 21:00:00,10555.912940730666,11342.79810903357,786.8851683029043,10354.717,10392.508874112902,10920.513151204095
2015-04-17 22:00:00,9335.266894284849,9504.527489801438,169.2605955165891,9446.242,9077.549603197382,9482.008892157166
2015-04-17 23:00:00,6941.711516374836,7831.8951536686145,890.1836372937787,6781.447,7139.79412176551,6903.893650015248
2015-04-18 00:00:00,6225.753138491024,7016.880324509307,791.1271860182824,6455.3174,6298.725188177527,5923.216844483046
2015-04-18 01:00:00,6096.102170880255,6909.420631702573,813.3184608223182,6274.37,6150.208624182138,5863.727771271126
2015-04-18 02:00:00,6355.110330868261,5479.515583938281,-875.5947469299799,6267.53,6522.032550037654,6275.76865741088
2015-04-18 03:00:00,6023.185110031268,5165.337146829105,-857.8479632021626,6307.58,6001.131413261702,5760.843838707103
2015-04-18 04:00:00,5606.850648906456,4501.629400295489,-1105.2212486109665,5807.851,5726.341544886087,5286.3593276145275
2015-04-18 05:00:00,6017.233481286836,5270.368573590266,-746.8649076965694,6393.161,6007.499404902335,5651.039906145671
2015-04-18 06:00:00,8336.148400402073,11063.439270891568,2727.2908704894944,7828.421,8487.61541291222,8692.408889856495
2015-04-18 07:00:00,9118.654292678928,10229.81203548553,1111.1577428066012,8641.68,9415.61338129062,9298.669809246167
2015-04-18 08:00:00,11755.80102300838,15105.257580194386,3349.4565571860057,11226.238,11763.252918611297,12277.911869163843
2015-04-18 09:00:00,12776.78997891032,13861.747745364048,1084.9577664537283,12662.024,12762.030747691982,12906.314774976476
2015-04-18 10:00:00,12111.185796861959,10684.792265286851,-1426.3935315751078,11956.303,11980.162680524725,12397.091975686151
2015-04-18 11:00:00,12717.942684715446,12373.377295059314,-344.56538965613254,12805.429,12419.881890113607,12928.517453095234
2015-04-18 12:00:00,12955.5969553517,15740.498684299979,2784.901728948278,13742.832,12229.190108425377,12894.768726379727
2015-04-18 13:00:00,12628.80476062558,13772.163179281328,1143.3584186557473,13167.114,12015.469814969641,12703.8302090946
2015-04-18 14:00:00,11956.297256487169,13783.711561871118,1827.4143053839489,12238.677,11408.965128492904,12221.249883156102
2015-04-18 15:00:00,12039.96873954185,10785.153704357259,-1254.8150351845907,11988.984,11925.06726463902,12205.854578986531
2015-04-18 16:00:00,10980.115677657473,11869.659735912339,889.5440582548654,11330.178,10637.99505240328,10972.174246194141
2015-04-18 17:00:00,11556.61061762965,12750.217425305975,1193.606807676324,11724.691,11082.695174509607,11862.445272129346
2015-04-18 18:00:00,12746.062707931827,14463.168799484727,1717.1060915528997,13722.77,11979.439721916742,12535.978870628735
2015-04-18 19:00:00,12535.977797835842,13783.465424266906,1247.4876264310642,12176.329,12276.503163941126,13155.101128003904
2015-04-18 20:00:00,12379.528333048458,16145.415073461483,3765.886740413025,12337.269,12068.451813242193,12732.864631215678
2015-04-18 21:00:00,9986.719008056956,9906.398028486741,-80.32097957021506,9643.668,10150.958012454772,10165.531042966097
2015-04-18 22:00:00,9712.50492382179,7432.024506506223,-2280.480417315568,9342.188,10068.14746921712,9727.178825685753
2015-04-18 23:00:00,7492.2003712196165,6447.784450475111,-1044.4159207445055,6919.5454,8092.245340445222,7464.810363057379
2015-04-19 00:00:00,6556.555197674966,5098.464932955208,-1458.0902647197581,6822.3457,6535.696356949942,6311.623532949954
2015-04-19 01:00:00,6691.143010155534,5000.996125495802,-1690.1468846597327,7125.5503,6501.394490999941,6446.484246497913
2015-04-19 02:00:00,6420.566229507175,5273.095162697804,-1147.4710668093712,6657.1777,6419.709693477191,6184.811260669336
2015-04-19 03:00:00,5900.369160210342,4306.194051975292,-1594.1751082350502,6246.208,5841.160307487962,5613.739165330562
2015-04-19 04:00:00,6056.719220879436,4626.0539340517225,-1430.6652868277133,6486.969,5935.54058305307,5747.647841303988
2015-04-19 05:00:00,5990.693227051456,4393.069453715449,-1597.6237733360076,6082.635,6072.216872589001,5817.228042940368
2015-04-19 06:00:00,8460.918092122889,9352.831880574073,891.9137884511838,8013.868,8746.064640217255,8622.821472088912
2015-04-19 07:00:00,10510.071372736236,8204.4708151655,-2305.600557570737,10701.359,10252.770076093653,10576.084667115056
2015-04-19 08:00:00,12170.380067447857,9326.142193302172,-2844.237874145685,12180.248,11822.650036248484,12508.242119220087
2015-04-19 09:00:00,13100.195056376057,13650.686968526783,550.4919121507264,12987.534,12638.329977461333,13674.721011979338
2015-04-19 10:00:00,12526.009384799094,11543.794782569497,-982.2146022295965,12182.496,12104.683887184072,13290.848173463211
2015-04-19 11:00:00,13208.495166251369,10509.364495386846,-2699.1306708645225,13157.282,12799.97335549388,13668.229916697726
2015-04-19 12:00:00,13414.860080383276,15445.14843873605,2030.2883583527746,13636.507,12979.63785872411,13628.435546488217
2015-04-19 13:00:00,12954.102218325592,11468.807056001655,-1485.295162323937,12940.642,12285.003141868981,13636.66191154529
2015-04-19 14:00:00,11561.507577010445,11211.765814617953,-349.7417623924921,11402.083,11350.690476400161,11931.74924681868
2015-04-19 15:00:00,11748.706322375567,9652.28304249833,-2096.4232798772373,12134.132,11288.413148397876,11823.57398279132
2015-04-19 16:00:00,12410.980144378613,15155.426881925245,2744.446737546632,12580.907,11854.472745239016,12797.560461334328
2015-04-19 17:00:00,13277.494988155728,13670.789758192333,393.29477003660577,12973.609,13236.976825992697,13621.89876347449
2015-04-19 18:00:00,13332.765381424402,14969.738280434864,1636.9728990104613,13701.72,12829.411102616083,13467.165315094626
2015-04-19 19:00:00,13559.088163382841,10534.808023557227,-3024.2801398256142,13790.277,12919.325808452639,13967.661337945887
2015-04-19 20:00:00,12863.341829179864,12030.59408093247,-832.7477482473951,12638.968,12630.217438913229,13320.840275188866
2015-04-19 21:00:00,10791.598607817345,12816.934682454164,2025.3360746368198,10648.456,10879.358994270033,10846.980774494501
2015-04-19 22:00:00,9702.644707821053,10268.018795642813,565.3740878217595,8952.246,9922.596424407899,10233.091605305259
2015-04-19 23:00:00,7467.950460291561,7718.784649186646,250.83418889508448,7368.9243,7686.965137331657,7347.9619271367765
2015-04-20 00:00:00,6821.105355163717,6402.024872645903,-419.08048251781383,7897.9146,6413.350264550045,6152.051250159857
2015-04-20 01:00:00,6546.929490510069,4431.261514011059,-2115.6679764990095,7001.2227,6389.332293662795,6250.233521617409
2015-04-20 02:00:00,5998.641884554555,5358.882695091016,-639.7591894635389,6007.0815,6151.150914584707,5837.693196110207
2015-04-20 03:00:00,5488.832253785029,4596.932542703032,-891.8997110819973,5548.706,5686.247314267209,5231.543392400376
2015-04-20 04:00:00,5829.400182357029,4666.872224982599,-1162.5279573744301,6159.4214,5825.381994849825,5503.397165502513
2015-04-20 05:00:00,5839.579137274884,4714.180889929522,-1125.3982473453616,5839.333,5921.607145044358,5757.797258967792
2015-04-20 06:00:00,10077.483265351178,10383.267007476055,305.7837421248769,10378.325,9875.678423861667,9978.446176879368
2015-04-20 07:00:00,10637.175998553974,9591.571730764706,-1045.6042677892674,10900.473,10425.001256639918,10586.054082772003
2015-04-20 08:00:00,12196.627414544933,9743.340261440744,-2453.287153104189,12533.325,11915.906597973582,12140.650450348716
2015-04-20 09:00:00,10850.919687653057,11949.315545039191,1098.3958573861346,10928.108,10761.208815949118,10863.441848572555
2015-04-20 10:00:00,10336.628667237392,10935.552425638181,598.9237584007897,10453.862,10006.429464908395,10549.594232116277
2015-04-20 11:00:00,11916.041902188585,11074.146071739964,-841.8958304486205,12449.396,10996.900041687079,12301.829180503679
2015-04-20 12:00:00,12465.72242476955,10610.75640390538,-1854.9660208641708,12963.1875,11479.44782893747,12954.531945371187
2015-04-20 13:00:00,11194.005913530156,9561.503558252469,-1632.5023552776875,11747.298,10835.145144477288,10999.574744550679
2015-04-20 14:00:00,10777.391160450701,10575.6054715195,-201.78568893120064,10902.794,10485.573579824102,10943.805956215503
2015-04-20 15:00:00,9939.663319918276,10408.264187722683,468.60086780440724,9991.342,9701.956409216467,10125.691753663363
2015-04-20 16:00:00,12055.222533608145,10060.080043836586,-1995.1424897715588,12679.735,11470.491107758686,12015.441141503246
2015-04-20 17:00:00,12812.583089295113,8402.823380602365,-4409.759708692747,13655.722,12240.069557481864,12541.958030715976
2015-04-20 18:00:00,12148.884273891605,13523.643859614258,1374.7595857226534,12792.768,11740.330316009957,11913.554927539853
2015-04-20 19:00:00,13638.43513271276,6840.621114677541,-6797.814018035219,14536.424,12710.693175929724,13668.188394083561
2015-04-20 20:00:00,13567.04660279119,9708.860344060438,-3858.1862587307514,14167.491,12860.860354492934,13672.788242943134
2015-04-20 21:00:00,10955.464701242881,11290.16030925726,334.6956080143791,11118.667,11029.412224885757,10718.31488665539
2015-04-20 22:00:00,8717.702762797242,10007.688633179052,1289.98587038181,8450.664,8862.134517934055,8840.30970795767
2015-04-20 23:00:00,6736.830888394605,6095.449017531504,-641.3818708631006,6609.9,7040.313808708826,6560.278954131237
2015-04-21 00:00:00,5890.507042646978,5689.2870458706375,-201.21999677634085,5957.538,6066.314329351456,5647.668712651977
2015-04-21 01:00:00,5742.5657806040645,5112.143736104859,-630.4220444992052,5884.9297,5921.649118795448,5421.118535516745
2015-04-21 02:00:00,5967.976589977465,7285.733336737762,1317.7567467602976,5985.7983,6036.306410874269,5881.825019214373
2015-04-21 03:00:00,5244.441288655938,6315.5944521477,1071.1531634917628,5179.4,5593.340548853801,4960.583414770261
2015-04-21 04:00:00,5342.676543295234,4695.281713898439,-647.3948293967951,5402.4478,5551.405722303802,5074.176153675651
2015-04-21 05:00:00,5717.311430217121,4929.9042464099375,-787.4071838071832,5727.7837,5907.724866166346,5516.425733078765
2015-04-21 06:00:00,10228.848708810496,10972.974634373439,744.1259255629429,10296.981,9974.669968073787,10414.8947130452
2015-04-21 07:00:00,10132.062889220053,11139.019106530926,1006.9562173108734,10084.254,10066.508405695888,10245.42635571427
2015-04-21 08:00:00,11013.035664760728,14400.246814528986,3387.211149768258,11103.343,10642.277952808543,11293.486268036142
2015-04-21 09:00:00,11622.11103666792,12670.069315358998,1047.9582786910778,11970.152,11285.742490894741,11610.438275359016
2015-04-21 10:00:00,10544.879915520165,11699.934451536206,1155.0545360160413,10839.175,10049.840054011556,10745.624887861442
2015-04-21 11:00:00,10710.36444272736,11073.926207423698,363.5617646963383,10819.202,10356.621397112176,10955.269782632404
2015-04-21 12:00:00,12754.872592408858,11197.321625833236,-1557.5509665756217,13255.524,11409.487783859147,13599.605579304922
2015-04-21 13:00:00,11172.122143986126,9710.632552942674,-1461.4895910434516,11331.995,10559.02696437753,11625.344350393345
2015-04-21 14:00:00,10040.75494281636,8277.640472848088,-1763.1144699682718,9830.226,10036.6677555123,10255.371486999275
2015-04-21 15:00:00,9450.072361438428,8962.365846531704,-487.7065149067239,9693.572,9175.502789113745,9481.142029576538
2015-04-21 16:00:00,10874.127998531107,9027.363322894014,-1846.7646756370923,11096.397,10804.055730904525,10721.930803751296
2015-04-21 17:00:00,12421.579787194232,10693.5051818398,-1728.0746053544317,13178.435,11650.954072913622,12435.350718356574
2015-04-21 18:00:00,13271.882251348157,13581.42868170244,309.5464303542831,14603.505,12080.145601621198,13131.996269610778
2015-04-21 19:00:00,12726.226606775579,11062.290716598915,-1663.9358901766645,13731.532,11867.047343604969,12580.100250159268
2015-04-21 20:00:00,13132.47095645091,13227.143343120004,94.67238666909361,14286.321,12321.705259900215,12789.386320390015
2015-04-21 21:00:00,10533.500963393335,11338.246879795672,804.7459164023367,10462.566,10405.228003977203,10732.708479952802
2015-04-21 22:00:00,9108.49218047353,8068.75199440781,-1039.7401860657192,9149.193,8945.293382918928,9230.989799126664
2015-04-21 23:00:00,7245.459981194642,5761.302239936341,-1484.157741258301,7200.873,7324.863838088794,7210.643058620131
2015-04-22 00:00:00,6474.580005211393,4714.65253395451,-1759.927471256883,6572.596,6453.781213943529,6397.3626102844
2015-04-22 01:00:00,5543.618311229278,5869.174115180638,325.55580395135985,5593.3633,5801.852189556011,5235.639462881823
2015-04-22 02:00:00,6092.3118007705625,6107.786970915256,15.475170144693038,6348.032,5978.177512369388,5950.725663379799
2015-04-22 03:00:00,5572.399534834119,5123.327428008253,-449.0721068258654,5885.381,5652.932614129319,5178.885130998037
2015-04-22 04:00:00,5543.9452586245,5053.682823652855,-490.2624349716443,5525.8906,5710.53339595549,5395.411754918009
2015-04-22 05:00:00,5684.568738490246,7280.25082182396,1595.6820833337142,5649.8613,5827.006017903872,5576.838869441866
2015-04-22 06:00:00,10427.303995235796,11570.2811853056,1142.9771900698033,10320.786,10268.553460383073,10692.572392511813
2015-04-22 07:00:00,10463.458906775399,8796.792993243525,-1666.6659135318732,10596.586,10056.272255843125,10737.51852698307
2015-04-22 08:00:00,9980.758324487151,12459.253244396265,2478.4949199091134,9681.134,9904.074493839582,10357.066690559373
2015-04-22 09:00:00,10394.722878997369,10447.397290158906,52.67441116153714,10406.003,10223.69810864451,10554.467598660101
2015-04-22 10:00:00,9816.295175794292,11189.721398305735,1373.4262225114435,10023.998,9578.812536120422,9846.074944387452
2015-04-22 11:00:00,10410.245361417421,9957.521687970198,-452.7236734472226,10281.506,10281.071196099629,10668.159028777638
2015-04-22 12:00:00,10540.676184779064,6923.268166798009,-3617.4080179810553,10099.289,10622.312661364294,10900.426830472898
2015-04-22 13:00:00,10315.590447499568,7289.994510961832,-3025.5959365377357,10522.22,10215.473255030789,10209.07836090541
2015-04-22 14:00:00,9939.733363836667,7266.407558897294,-2673.3258049393735,9980.655,9900.241930662616,9938.30288740988
2015-04-22 15:00:00,9827.481910074288,8563.43951855945,-1264.0423915148385,9942.507,9639.99372061045,9899.945173674909
2015-04-22 16:00:00,11230.253472294382,8875.55359314612,-2354.699879148262,11980.682,10549.342833282504,11160.73594297564
2015-04-22 17:00:00,10326.131192196419,12113.417754455437,1787.286562259018,10585.984,10213.484709221068,10178.924492368187
2015-04-22 18:00:00,12490.82355008285,13948.36073563684,1457.5371855539888,13016.536,12007.13882041515,12448.795697020902
2015-04-22 19:00:00,11001.96570487236,13906.08758495934,2904.121880086979,10825.723,10843.021843220304,11337.152615146779
2015-04-22 20:00:00,11713.725828864328,9171.818094176488,-2541.9077346878403,11853.531,11428.266096669382,11859.380139923605
2015-04-22 21:00:00,10269.54947828553,11861.21394142885,1591.664463143321,10442.499,10187.146917931741,10179.002493487344
2015-04-22 22:00:00,9279.245536461949,9361.764647460644,82.5191109986954,9333.8125,8986.290888231424,9517.633221154425
2015-04-22 23:00:00,6880.866682669114,7633.67780897458,752.8111263054661,6856.481,7071.2914009991055,6714.827689976987
2015-04-23 00:00:00,5817.949817744877,5692.882921171907,-125.06689657297011,5762.3604,5960.244684408257,5731.244417263872
2015-04-23 01:00:00,5451.2431668023855,5085.7306028622925,-365.51256394009306,5458.4575,5724.286889589178,5170.9850912867305
2015-04-23 02:00:00,6397.4183543163335,6784.022955425679,386.6046011093458,6536.0776,6436.174314328846,6220.003111901402
2015-04-23 03:00:00,6063.559001611822,4839.053230200635,-1224.5057714111872,5995.5654,6256.719897919808,5938.391677228157
2015-04-23 04:00:00,5459.830869984887,4567.721007897577,-892.1098620873099,5653.332,5535.408664353895,5190.751914350766
2015-04-23 05:00:00,5507.0787008255475,4987.919258287901,-519.1594425376461,5652.592,5611.99553709656,5256.648768505085
2015-04-23 06:00:00,10368.942909703144,11371.706670638021,1002.7637609348767,10254.752,10093.507407965519,10758.569368018912
2015-04-23 07:00:00,10454.58604534256,11696.807810992083,1242.2217656495231,10043.906,10408.672293619562,10911.179592408116
2015-04-23 08:00:00,11317.470894955592,11921.085270987303,603.6143760317118,11766.838,11112.664208912058,11072.910585329715
2015-04-23 09:00:00,9958.730853522722,11534.834106097247,1576.103252574525,9791.617,10007.042066689455,10077.533306378707
2015-04-23 10:00:00,9498.725022567216,9460.324347499009,-38.40067506820742,9429.481,9578.834255215477,9487.85936717367
2015-04-23 11:00:00,10820.020798343052,8702.393028226594,-2117.627770116458,11378.752,10475.535630552065,10605.774811352088
2015-04-23 12:00:00,11289.041404944224,9289.50101533949,-1999.5403896047337,12104.633,10823.48962581812,10939.001776514557
2015-04-23 13:00:00,9673.865426243545,10150.965766922496,477.1003406789514,9433.674,9734.928461859272,9852.993988746362
2015-04-23 14:00:00,9403.798863777025,9849.920945324337,446.1220815473116,9820.539,9228.465148766129,9162.392380064946
2015-04-23 15:00:00,9580.996000901376,8254.624501973125,-1326.3714989282507,10068.47,9223.636442470766,9450.881833670863
2015-04-23 16:00:00,11142.850013453557,8411.08131592035,-2731.768697533207,11418.54,10641.263615166803,11368.746386131366
2015-04-23 17:00:00,11013.08447280751,7773.71649352282,-3239.3679792846897,11524.603,10698.089697867714,10816.56118149232
2015-04-23 18:00:00,12934.230038360436,12024.473263334788,-909.7567750256476,13468.218,12198.056458161667,13136.415883482141
2015-04-23 19:00:00,12976.003996462294,10131.07928617573,-2844.924710286563,13908.812,12076.045541688927,12943.154924260454
2015-04-23 20:00:00,13058.331854018781,10256.157962694822,-2802.1738913239587,14050.198,12252.019687783066,12872.777632085772
2015-04-23 21:00:00,10619.540104628344,8940.320105593219,-1679.2199990351255,10980.554,10342.591019927968,10535.475583019566
2015-04-23 22:00:00,9025.000102847325,7242.335058152431,-1782.6650446948943,9041.364,8990.585609632877,9043.050441096595
2015-04-23 23:00:00,6843.526945298615,5633.220972376758,-1210.3059729218567,6766.612,7013.62833913734,6750.340680352258
2015-04-24 00:00:00,5934.012180011362,5842.693526050432,-91.31865396092962,6264.5425,5923.574939086156,5613.91912047918
2015-04-24 01:00:00,5949.580121854757,4497.034663849676,-1452.545458005081,6383.2876,5805.073177267223,5660.3795906407995
2015-04-24 02:00:00,6346.77747478589,5959.9793122332885,-386.79816255260175,6451.368,6361.074757512263,6227.889502782908
2015-04-24 03:00:00,5613.651364397079,5093.24695599831,-520.4044083987692,5833.239,5764.657888877906,5243.057434782081
2015-04-24 04:00:00,5582.629685609308,4868.974788536754,-713.6548970725535,5845.521,5641.324693371112,5261.04336736306
2015-04-24 05:00:00,5797.840191432202,5043.731092928082,-754.1090985041201,5980.619,5947.704150206919,5465.197283464689
2015-04-24 06:00:00,11144.593509047758,9509.144078460018,-1635.4494305877397,11624.499,10615.254800597915,11194.02670310786
2015-04-24 07:00:00,10298.430325150746,10523.720737154561,225.2904120038147,10481.998,9952.884758717457,10460.408169859782
2015-04-24 08:00:00,12186.462382978913,13131.035657678163,944.5732746992508,12817.337,11288.875476173345,12453.174758700896
2015-04-24 09:00:00,10802.294684595132,11394.296220638951,592.0015360438192,11614.29,10051.429787117006,10741.164227605892
2015-04-24 10:00:00,10029.45508875817,11831.71937503653,1802.2642862783596,10179.223,9900.790519923772,10008.352090100736
2015-04-24 11:00:00,11197.636198674232,9857.489410462033,-1340.1467882121997,12057.095,10340.260271214289,11195.553598245904
2015-04-24 12:00:00,11024.089683065702,9394.965989125465,-1629.123693940237,12063.238,10290.520578006528,10718.51018994058
2015-04-24 13:00:00,9923.75270667558,9547.280271821148,-376.4724348544314,10159.243,9795.102930884656,9816.912025079584
2015-04-24 14:00:00,9330.095261375967,8420.861910817262,-909.2333505587048,9334.855,9313.187202420426,9342.243112957472
2015-04-24 15:00:00,9883.13630956804,8715.38318765939,-1167.7531219086504,10213.7,9503.615729061423,9932.093004330201
2015-04-24 16:00:00,10576.489564545453,9869.447143765286,-707.0424207801661,10579.214,10473.0472318978,10677.207594551057
2015-04-24 17:00:00,11306.003501003477,11111.785110639434,-194.21839036404344,11773.628,11009.357043652839,11135.025529670089
2015-04-24 18:00:00,13436.300129493628,9833.970604804932,-3602.3295246886955,14121.876,12731.655549329258,13455.368862589128
2015-04-24 19:00:00,13261.24419189479,14264.08304493632,1002.8388530415305,13826.329,12646.047636375244,13311.355837746625
2015-04-24 20:00:00,13349.463520793144,12366.161454319523,-983.3020664736214,14407.135,12425.33680697119,13215.918989783246
2015-04-24 21:00:00,11381.117019194955,10942.135615532785,-438.9814036621701,12231.089,10646.607076770364,11265.655113627
2015-04-24 22:00:00,9491.69181382903,8852.804231693113,-638.8875821359161,9846.872,9104.679583537029,9523.523787637563
2015-04-24 23:00:00,7556.693921664618,6686.700265152124,-869.9936565124935,7791.899,7374.9307727317355,7503.252066480868
2015-04-25 00:00:00,6062.881298459591,5461.286104887873,-601.5951935717176,6059.8438,6148.9478992897375,5979.852246089033
2015-04-25 01:00:00,5945.378836546493,5161.812606468946,-783.5662300775475,6199.856,5862.88321669371,5773.397335914521
2015-04-25 02:00:00,6653.574389114921,6819.554101271113,165.97971215619145,6394.4653,6777.168698616528,6789.089136696985
2015-04-25 03:00:00,5585.138875336122,5161.124158645378,-424.0147166907436,5724.379,5761.341923556736,5269.695796201629
2015-04-25 04:00:00,5418.160705678903,5202.523865752743,-215.63683992615915,5729.7607,5541.166198799123,4983.555176050085
2015-04-25 05:00:00,5753.972923862493,4657.997316550185,-1095.975607312308,6004.12,5916.662817398013,5341.135837001968
2015-04-25 06:00:00,10334.844464257569,9436.552129159465,-898.2923350981036,10033.178,10428.011427123716,10543.34423127399
2015-04-25 07:00:00,10416.926595393643,8560.354288256232,-1856.5723071374105,10602.264,10165.73438851918,10482.781725786746
2015-04-25 08:00:00,12551.048652735599,11522.973663804807,-1028.0749889307917,12788.385,12296.675783481911,12568.085409099887
2015-04-25 09:00:00,12377.04636119439,15995.681939033211,3618.6355778388206,12710.985,11786.700807083915,12633.452924936755
2015-04-25 10:00:00,11524.6114087511,9741.864965289804,-1782.7464434612957,12254.762,10806.979066840557,11512.093440662744
2015-04-25 11:00:00,11837.849512725263,12197.614213878225,359.7647011529625,11825.4375,11542.865300336322,12145.245737839468
2015-04-25 12:00:00,13799.07032160378,12970.50652660551,-828.5637949982702,14486.84,13001.961629259673,13908.409491801667
2015-04-25 13:00:00,12743.09963165812,11256.271106748716,-1486.8285249094042,13626.166,11770.590232614342,12832.542646735019
2015-04-25 14:00:00,12714.072809772197,10088.12505850693,-2625.9477512652666,13788.998,11614.41729486516,12738.80308757643
2015-04-25 15:00:00,11369.406264175268,9796.182243516363,-1573.224020658905,12049.759,10747.596035341345,11310.863968121961
2015-04-25 16:00:00,13037.168772199433,9384.782630585067,-3652.3861416143664,13990.839,12286.7722266365,12833.8952227743
2015-04-25 17:00:00,12752.882254812093,12654.447403245676,-98.43485156641691,13639.531,12069.244410082905,12549.871104353375
2015-04-25 18:00:00,14326.233324084795,12158.3453031336,-2167.8880209511954,15607.064,13369.117862229876,14002.517656899512
2015-04-25 19:00:00,12366.15702892448,10410.780829057983,-1955.3761998664959,12816.751,11778.47084576873,12503.249264442205
2015-04-25 20:00:00,12700.410869837915,9816.919302431801,-2883.491567406114,12550.823,12792.809212016737,12757.60015530951
2015-04-25 21:00:00,11219.753259149553,9125.332335003875,-2094.4209241456774,12004.314,10737.01596635414,10917.929357969517
2015-04-25 22:00:00,8682.476504027198,9913.78563219384,1231.309128166642,8655.138,9048.643154332136,8343.648662436955
2015-04-25 23:00:00,6929.33223398373,6603.325217497996,-326.0070164857334,7039.509,7091.162361200394,6657.325551688298
2015-04-26 00:00:00,6180.938277864803,5537.2494706253965,-643.6888072394067,6535.471,6017.7741283107,5989.56951387746
2015-04-26 01:00:00,5795.452884498468,4488.711022623065,-1306.7418618754027,6491.9404,5687.887267640207,5206.530956167698
2015-04-26 02:00:00,6677.28373565797,4606.339822789576,-2070.9439128683944,7086.545,6624.1619494128045,6321.144335686107
2015-04-26 03:00:00,5504.044307890653,5827.828859843499,323.7845519528464,5738.5347,5633.6448547325945,5139.953400970612
2015-04-26 04:00:00,5555.529684378994,4939.41895338465,-616.1107309943436,6028.0215,5530.892002185473,5107.675566576508
2015-04-26 05:00:00,5800.95706986622,4670.397908608984,-1130.5591612572362,6428.1777,5773.728162763341,5200.965312460317
2015-04-26 06:00:00,9829.741805373591,10458.610315123446,628.8685097498546,9456.748,9751.951837557639,10280.525531688136
2015-04-26 07:00:00,10169.838765568335,7894.2309509395745,-2275.60781462876,10090.62,9964.377736874021,10454.518442643484
2015-04-26 08:00:00,11239.8941616335,16184.4210765399,4944.526914906401,10998.889,11689.671318399623,11031.122494625875
2015-04-26 09:00:00,13054.428765209843,14050.064271991007,995.6355067811637,13239.902,12625.947411133882,13297.436540745646
2015-04-26 10:00:00,12401.169553844074,16364.76907262701,3963.599518782936,13559.325,11640.808842722647,12003.374623497077
2015-04-26 11:00:00,12024.01563930607,15839.486787209553,3815.471147903483,12684.232,11380.530270085696,12007.284225957519
2015-04-26 12:00:00,14908.576377020538,17902.910013117726,2994.333636097188,15215.074,13875.781945291823,15634.872967019788
2015-04-26 13:00:00,12725.78141127644,13062.215317053082,336.43390577664104,13158.359,12634.540646491694,12384.444212337628
2015-04-26 14:00:00,12440.12584554103,8842.604113189866,-3597.5217323511642,12436.093,12619.742113454267,12264.542649731322
2015-04-26 15:00:00,10990.813240300457,8863.692498111444,-2127.120742189012,11505.722,10564.187245100713,10902.530796113151
2015-04-26 16:00:00,13549.588802432934,10133.451845581685,-3416.136956851249,14314.844,12765.725573266318,13568.197084032488
2015-04-26 17:00:00,13076.137703723114,13166.163188809807,90.02548508669315,13462.373,12215.128495096056,13550.911569198292
2015-04-26 18:00:00,13623.64577032913,11157.36938080761,-2466.276389521521,14022.256,13130.354272921562,13718.32717869083
2015-04-26 19:00:00,11852.14048799568,9948.501791727758,-1903.6386962679226,12047.482,11592.403485584784,11916.535556527255
2015-04-26 20:00:00,12416.495870666118,11794.331617459267,-622.1642532068508,12565.931,12212.98743146787,12470.56951646799
2015-04-26 21:00:00,11086.533881140642,10775.966022801458,-310.56785833918366,10775.167,11191.223902917009,11293.210748317419
2015-04-26 22:00:00,9791.532702898623,8520.52215876371,-1271.0105441349133,9749.698,9722.091890826065,9902.807975682304
2015-04-26 23:00:00,7192.288750442422,5637.028854781323,-1555.2598956610982,7288.4067,7155.384343629863,7133.075169416154
2015-04-27 00:00:00,6059.662884836024,5893.914841731658,-165.74804310436593,6173.807,6173.733265294703,5831.448260307121
2015-04-27 01:00:00,5375.213228234557,4924.853975722148,-450.3592525124095,5354.0176,5633.62532027194,5137.996786306732
2015-04-27 02:00:00,6701.710051946217,5738.636454941476,-963.0735970047417,6810.499,6754.021714132406,6540.609418268745
2015-04-27 03:00:00,5816.196785116549,5151.117262710008,-665.0795224065414,6293.207,5725.098241760126,5430.285082339518
2015-04-27 04:00:00,5555.2895038602,5256.494692226612,-298.7948116335883,5757.765,5654.932757356804,5253.170617505047
2015-04-27 05:00:00,5544.745651837823,5030.717797278424,-514.0278545593992,5809.7505,5770.116788959464,5054.369678272752
2015-04-27 06:00:00,10364.453718693052,9775.350955848804,-589.102762844248,10390.182,9935.25268518936,10767.926830264796
2015-04-27 07:00:00,9961.56121789378,10332.129827118511,370.5686092247306,10230.747,9607.663178909306,10046.273404459535
2015-04-27 08:00:00,11869.562639735428,14077.619120162568,2208.05648042714,12925.714,11009.806519990942,11673.167532027846
2015-04-27 09:00:00,12452.786319911931,13942.023222361755,1489.236902449824,12781.496,11761.6096012864,12815.253264699397
2015-04-27 10:00:00,11090.532583907681,11677.93272694595,587.4001430382687,11443.342,10571.878405248894,11256.37754959915
2015-04-27 11:00:00,11584.26713657049,11192.404187741353,-391.86294882913717,12193.1,10873.680445624219,11686.021354712255
2015-04-27 12:00:00,11362.548997243457,11029.185562198745,-333.3634350447119,11454.488,10693.002916021667,11940.155794458704
2015-04-27 13:00:00,10198.12737125965,12912.291680024162,2714.1643087645116,10530.9795,10007.155321165117,10056.247300426334
2015-04-27 14:00:00,10366.07201809508,12419.910000839343,2053.837982744264,11137.778,9844.788127630733,10115.649606342005
2015-04-27 15:00:00,10020.505457214691,11698.201932160988,1677.6964749462968,10716.448,9513.224926020182,9831.84320343639
2015-04-27 16:00:00,10638.919128861957,10017.915938123242,-621.0031907387147,11440.963,10115.389908722222,10360.404587238645
2015-04-27 17:00:00,11144.474678410217,11370.541584960765,226.06690655054808,11867.904,10683.288450649743,10882.231287705912
2015-04-27 18:00:00,12897.112568618657,16798.490777402054,3901.378208783397,13625.342,12162.616429756261,12903.37947922471
2015-04-27 19:00:00,10776.582919354094,10234.121693413379,-542.4612259407149,12165.198,10057.704494624828,10106.846021249954
2015-04-27 20:00:00,11264.654843631832,11243.511401709617,-21.14344192221506,12235.766,10618.751033920158,10939.447871975335
2015-04-27 21:00:00,11497.874738431841,9680.060362685688,-1817.814375746153,12137.591,10915.782815396999,11440.250579586027
2015-04-27 22:00:00,9594.353926174861,8071.175386900845,-1523.1785392740157,9715.129,9307.251999184447,9760.680873090141
2015-04-27 23:00:00,6990.588917933547,5821.562111101409,-1169.0268068321384,7214.7783,6924.7020823679295,6832.28635112021
2015-04-28 00:00:00,6009.274780472081,5022.523387356484,-986.7513931155972,6094.073,6092.810102463529,5840.940996765213
2015-04-28 01:00:00,5755.741252484804,5193.336316108663,-562.4049363761414,6195.617,5690.052728450494,5381.553841503919
2015-04-28 02:00:00,6279.434778916443,5495.262818957358,-784.1719599590851,6428.7124,6277.760937812525,6131.830996593053
2015-04-28 03:00:00,5897.254287556549,5672.837937385982,-224.41635017056706,6015.9507,6067.170257041081,5608.641922034814
2015-04-28 04:00:00,5466.603400747085,4995.442450823637,-471.16094992344824,5616.841,5646.519357303735,5136.450024625021
2015-04-28 05:00:00,5800.8568295946,5567.250333617161,-233.6064959774385,6027.891,5823.278319432538,5551.401056070011
2015-04-28 06:00:00,10892.358395094196,9901.305510944063,-991.0528841501327,11063.188,10511.562757130838,11102.323951589253
2015-04-28 07:00:00,10116.86835443681,10118.84578559672,1.9774311599103385,10825.569,9754.093675182387,9770.942052190543
2015-04-28 08:00:00,13111.255145156449,13367.67738417917,256.42223902272053,13527.76,12489.928221538694,13316.077448305652
2015-04-28 09:00:00,12316.654476497852,12902.521688969304,585.8672124714521,12377.537,11875.343456895362,12697.08286322319
2015-04-28 10:00:00,11736.769790507939,10663.538736087059,-1073.2310544208794,11774.279,11190.923271698424,12245.106802950388
2015-04-28 11:00:00,11763.171336079147,11322.861309957949,-440.31002612119846,12188.774,11147.404119476789,11953.335474698157
2015-04-28 12:00:00,10717.020079417322,8758.79953519867,-1958.2205442186514,11147.122,10441.645651844314,10562.292516095149
2015-04-28 13:00:00,9953.768853402844,9176.219611216029,-777.5492421868148,9912.986,9871.741063181289,10076.579168902243
2015-04-28 14:00:00,9179.046743886935,9454.39628048172,275.3495365947856,9383.196,9018.901809450546,9135.04213314776
2015-04-28 15:00:00,9461.690768968421,11355.09157777183,1893.400808803408,9487.128,9338.228703224215,9559.715673993549
2015-04-28 16:00:00,9873.565705446148,10133.962797568887,260.3970921227392,10260.463,9604.5502032836,9755.684022429843
2015-04-28 17:00:00,11774.882198592553,12104.188395758545,329.30619716599176,12611.313,10881.564167835371,11831.768951379787
2015-04-28 18:00:00,12801.115443223476,16366.641099604247,3565.5256563807707,13706.066,11901.636499916292,12795.64342350414
2015-04-28 19:00:00,11073.59312717866,11112.16188776437,38.56876058571106,11676.703,10471.71187239901,11072.36438413697
2015-04-28 20:00:00,10886.074413184531,9840.37013644155,-1045.7042767429812,11410.082,10785.912498850672,10462.22870945292
2015-04-28 21:00:00,11525.613556219503,9126.200474900981,-2399.413081318522,12143.573,11059.893168633846,11373.374257837158
2015-04-28 22:00:00,9299.486357269367,7815.215003215105,-1484.2713540542618,9503.973,9115.215604927484,9279.270810630616
2015-04-28 23:00:00,6686.049231324218,6447.904333807809,-238.1448975164094,6832.174,6769.557113338234,6456.416752509424
2015-04-29 00:00:00,5947.643155006558,5225.4006033015075,-722.2425517050506,6138.519,5942.364643489033,5762.045778561895
2015-04-29 01:00:00,5632.807076023041,5744.898486031891,112.09141000884938,5764.6836,5714.553771104336,5419.183863214787
2015-04-29 02:00:00,6439.35417769129,4972.8450634339315,-1466.5091142573583,6359.289,6539.459522113047,6419.313948460823
2015-04-29 03:00:00,5824.774605281355,6110.658937475868,285.88433219451235,6129.996,5780.843476192714,5563.484245901353
2015-04-29 04:00:00,5648.786232855303,5421.604783750675,-227.18144910462797,5832.146,5696.650639696444,5417.562062775716
2015-04-29 05:00:00,5764.606017992682,5264.026166908952,-500.5798510837294,5880.131,5898.9806565875415,5514.706538015503
2015-04-29 06:00:00,10677.709088120515,10039.88418667286,-637.8249014476551,10758.638,10287.603239915223,10986.88632913382
2015-04-29 07:00:00,10256.992884582825,11003.782176392375,746.7892918095495,10355.227,10314.780186619535,10100.971904628937
2015-04-29 08:00:00,13236.314530467209,10916.164134757864,-2320.1503957093446,13622.944,12505.22899386018,13580.770261603946
2015-04-29 09:00:00,12396.521738627524,5800.83511384206,-6595.686624785463,12624.353,11729.131909267426,12836.080767552648
2015-04-29 10:00:00,10970.940496317977,6924.133733191671,-4046.8067631263057,10890.112,10793.081603468943,11229.627580797489
2015-04-29 11:00:00,10488.131765195241,8372.111950839548,-2116.0198143556936,10618.757,10408.472774143595,10437.16568550463
2015-04-29 12:00:00,9488.341630491952,10568.877284125956,1080.5356536340041,9427.636,9371.967220735878,9665.42192855248
2015-04-29 13:00:00,9909.229970391294,8607.574002940146,-1301.6559674511482,10414.7705,9505.66566549485,9807.253737866535
2015-04-29 14:00:00,9287.79033688209,9706.748417864914,418.95808098282396,9499.415,9118.409245444425,9245.546726139344
2015-04-29 15:00:00,9598.022146706779,8459.774188879117,-1138.2479578276616,9905.094,9434.391966388706,9454.58072373163
2015-04-29 16:00:00,9717.840209638105,8037.391427957571,-1680.448781680534,10254.977,9480.3273505487,9418.216715865612
2015-04-29 17:00:00,10902.558737063055,9885.603856689975,-1016.9548803730795,11232.211,10769.486441340036,10705.978832349132
2015-04-29 18:00:00,13022.914973952873,12783.12656871677,-239.78840523610234,13654.93,12467.909206435044,12945.906027923573
2015-04-29 19:00:00,11444.793117213892,8280.265660313084,-3164.527456900809,12061.787,10771.603072750246,11500.989169516432
2015-04-29 20:00:00,11169.380226741187,9741.455655833577,-1427.9245709076094,12022.155,10663.692706135353,10822.292700650703
2015-04-29 21:00:00,10954.502788310252,12778.519145566395,1824.0163572561432,11260.538,10551.512835880963,11051.457443112293
2015-04-29 22:00:00,8813.110596569197,7774.372809558145,-1038.7377870110522,9058.703,8669.36136057235,8711.267304135241
2015-04-29 23:00:00,6605.671943473851,5402.152784595785,-1203.5191588780654,6570.5103,6606.907362203491,6639.598214311808
